OrderID,Ticker,Date,ArrivalTime,ArrivalPrice,ArrivalSession,AvgDailyVolume,AvgVolatility,Side,Quantity,SizeType,PctOfADV,Strategy,ParticipationRate,ExecStartTime,ExecEndTime,ExecDurationMins,NumFills,AvgExecPrice,IntervalVWAP,LitPct,DarkPct,IS_Bps,VsIntervalVWAP_Bps,TotalCost_Dollars,NotionalValue
1,JPM,2026-02-04,2026-02-04 12:50:00,316.57000732421875,Mid-Day,8000459.216666667,0.2374571248651304,Buy,6486,large,0.08107034639322047,VWAP-Dark,12.10360882411758,2026-02-04 12:50:00,2026-02-04 15:33:00,163,16,316.9957790566137,317.0460996827392,75.5781683626272,24.421831637372804,13.449528462716183,-1.5871706409854813,2761.555456313549,2053273.0675048828
2,SPY,2026-01-20,2026-01-20 09:40:00,683.1849975585938,Market Open,78590554.1,0.1172079484832555,Sell,374,small,0.000475884162267282,Immediate,30.11777357768932,2026-01-20 09:40:00,2026-01-20 09:46:00,6,2,682.6076917334437,682.5756920681639,100.0,0.0,8.450212273586894,-0.4688075718442858,215.91237860610227,255511.18908691406
3,TSLA,2026-01-15,2026-01-15 11:00:00,443.760009765625,Mid-Day,54574886.8,0.2445105838333639,Buy,463,small,0.0008483755572352374,Immediate,32.22908470869296,2026-01-15 11:00:00,2026-01-15 11:15:00,15,2,443.79622448661183,443.6629170743471,100.0,0.0,0.8160879797609759,3.0047003509739505,16.767415816904133,205460.88452148438
4,WMT,2026-02-20,2026-02-20 12:55:00,121.61000061035156,Mid-Day,17351543.35,0.2905795942823949,Buy,8301,large,0.04784012483823233,Careful,5.090550919104203,2026-02-20 12:55:00,2026-02-20 16:00:00,185,18,122.23475520726994,122.42512636009968,64.12480424045296,35.87519575954704,25.0,-15.550006644043435,5186.087909019464,1009484.6150665283
5,MSFT,2026-02-06,2026-02-06 13:55:00,397.7374877929687,Mid-Day,28455318.35,0.2896438013307353,Buy,266,small,0.00093479888971265,VWAP,18.721239089441514,2026-02-06 13:55:00,2026-02-06 16:00:00,125,12,399.3996273018152,399.82997205393315,100.0,0.0,25.0,-10.763193912333744,442.1291093531711,105798.17175292967
6,AAPL,2026-02-02,2026-02-02 11:35:00,264.6099853515625,Mid-Day,33477742.733333334,0.2598584232416036,Sell,190,small,0.0005675412512529394,VWAP,19.321182824836125,2026-02-02 11:35:00,2026-02-02 13:54:00,139,13,264.74345933600034,264.71184394774315,100.0,0.0,-5.044177915678711,-1.1943322136895054,25.360057043189954,50275.897216796875
7,JPM,2026-02-25,2026-02-25 09:45:00,298.5050048828125,Market Open,8000459.216666667,0.1831503743022874,Sell,1213,medium,0.015161629690869016,VWAP,15.651331835892089,2026-02-25 09:45:00,2026-02-25 11:25:00,100,10,300.59493902143146,300.38733379075416,100.0,0.0,-25.0,-6.911251152217931,2535.0901101447957,362086.57092285156
8,GOOGL,2026-03-25,2026-03-25 15:10:00,290.5000915527344,Market Close,25643554.616666667,0.2267985827962989,Buy,8977,large,0.03500684727290313,VWAP,16.966508238768924,2026-03-25 15:10:00,2026-03-25 16:00:00,50,5,290.57150431696334,290.5752265743401,100.0,0.0,2.458269938823867,-0.12809961195361955,641.072384483435,2607819.3218688965
9,BAC,2026-03-04,2026-03-04 13:15:00,49.98500061035156,Mid-Day,32804662.816666663,0.2027040344023591,Sell,538,medium,0.001640010760076049,Immediate,38.449987623545915,2026-03-04 13:15:00,2026-03-04 13:30:00,15,1,49.97489497682099,50.00538105429357,100.0,0.0,2.0217332013953317,6.096559376176063,5.436830839447396,26891.93032836914
10,WMT,2026-02-09,2026-02-09 14:50:00,128.64999389648438,Mid-Day,17351543.35,0.2028644239677941,Sell,672,medium,0.003872854341801244,VWAP,17.072386343133985,2026-02-09 14:50:00,2026-02-09 16:00:00,70,7,128.76125062331928,128.87382177684398,100.0,0.0,-8.648016487620675,8.734989928336601,74.76452043305926,86452.7958984375
11,JPM,2026-02-09,2026-02-09 12:20:00,322.8399963378906,Mid-Day,8000459.216666667,0.1755013055881185,Sell,240,small,0.00299982780363443,Immediate,23.050780858285226,2026-02-09 12:20:00,2026-02-09 12:32:00,12,2,322.8505121686482,322.9786074907143,100.0,0.0,-0.3257288711705154,3.9660621197572787,2.5237993818200266,77481.59912109375
12,TSLA,2026-03-11,2026-03-11 14:50:00,406.5,Mid-Day,54574886.8,0.3111720115424977,Sell,1253,medium,0.0022959278039217114,VWAP,15.762883601668133,2026-03-11 14:50:00,2026-03-11 16:00:00,70,7,406.83942927776565,406.9904677962544,100.0,0.0,-8.350043733472226,3.7111070268200734,425.30488504035446,509344.5
13,SPY,2026-02-03,2026-02-03 13:25:00,686.3599853515625,Mid-Day,78590554.1,0.1380251102436152,Sell,19435,very_large,0.02472943500979846,VWAP,16.067150463828558,2026-02-03 13:25:00,2026-02-03 14:52:00,87,8,685.8879269291131,685.8736702622566,100.0,0.0,6.877708965035914,-0.2078614105568858,9174.455440304788,13339406.315307617
14,SPY,2026-01-15,2026-01-15 15:05:00,692.6900024414062,Market Close,78590554.1,0.0785153663462094,Buy,225,small,0.00028629394788807073,Immediate,28.48261342604772,2026-01-15 15:05:00,2026-01-15 15:21:00,16,2,692.2289834415618,692.0825690472823,100.0,0.0,-6.65548799924304,2.115562518516904,103.72927496499926,155855.2505493164
15,SPY,2026-02-18,2026-02-18 10:45:00,688.3300170898438,Market Open,78590554.1,0.1022682288758878,Sell,1581,medium,0.0020116921404935103,VWAP,17.364442356247228,2026-02-18 10:45:00,2026-02-18 11:45:00,60,6,688.2473913100772,688.3847933945679,100.0,0.0,1.2003803076302595,1.9960069689088755,130.6313578109074,1088249.757019043
16,AAPL,2026-01-14,2026-01-14 10:05:00,259.9599914550781,Market Open,33477742.733333334,0.1995990052435588,Buy,8779,large,0.02622339286710292,VWAP-Dark,14.540569103383104,2026-01-14 10:05:00,2026-01-14 13:08:00,183,18,258.22197867737697,258.454656361314,75.40722177924593,24.59277822075407,-25.0,-9.002650105546888,15258.014175438466,2282188.764984131
17,TSLA,2026-01-08,2026-01-08 15:15:00,434.9249877929687,Market Close,54574886.8,0.2921506150002372,Buy,955,medium,0.0017498891083361809,VWAP,19.255685129067764,2026-01-08 15:15:00,2026-01-08 16:00:00,45,4,435.16899310793804,435.2754402672804,100.0,0.0,5.610285033461749,-2.4455126454406426,233.02507579572222,415353.3633422851
18,TSLA,2026-02-04,2026-02-04 12:20:00,405.2449951171875,Mid-Day,54574886.8,0.4544916792729342,Sell,1328,medium,0.002433353650126124,VWAP-Dark,11.155875599828924,2026-02-04 12:20:00,2026-02-04 15:14:00,174,17,404.53659402526944,404.36053904400694,64.00602409638554,35.993975903614455,17.480810385164894,-4.3539110339185605,940.7566500671874,538165.353515625
19,JPM,2026-03-10,2026-03-10 11:05:00,290.4750061035156,Mid-Day,8000459.216666667,0.2619249873652289,Buy,1394,medium,0.01742399982610998,VWAP-Dark,8.792666320885287,2026-03-10 11:05:00,2026-03-10 14:29:00,204,20,290.8830500246109,290.7712062898956,63.271162123385935,36.728837876614065,14.047470953485657,3.8464515156910233,568.813226006807,404922.1585083008
20,BAC,2026-01-22,2026-01-22 12:30:00,53.08000183105469,Mid-Day,32804662.816666663,0.1751598899355317,Buy,460,small,0.001402239683336399,Immediate,39.696823979246695,2026-01-22 12:30:00,2026-01-22 12:47:00,17,1,53.0894643110186,53.05937588509682,100.0,0.0,1.7826826747354878,5.670708601424307,4.352740783400861,24416.800842285156
21,JNJ,2026-01-13,2026-01-13 15:10:00,213.81500244140625,Market Close,6264880.733333333,0.1748132925876857,Buy,100,small,0.0015961995807507311,VWAP,18.38898086445934,2026-01-13 15:10:00,2026-01-13 16:00:00,50,5,213.7527794463844,213.73038941614215,100.0,0.0,-2.910132325204481,1.047582905895013,6.222299502184114,21381.500244140625
22,AAPL,2026-02-04,2026-02-04 09:30:00,274.614990234375,Market Open,33477742.733333334,0.3248676744398071,Sell,9530,large,0.028466674339160593,VWAP-Dark,8.872638768422869,2026-02-04 09:30:00,2026-02-04 12:29:00,179,17,275.9969750339009,276.0188196353534,48.9401888772298,51.0598111227702,-25.0,0.7914171026935893,13170.315139482054,2617080.8569335938
23,XOM,2026-03-19,2026-03-19 11:35:00,157.38999938964844,Mid-Day,17762736.45,0.3184510882613247,Sell,4996,large,0.02812629694790073,VWAP,19.208418826173723,2026-03-19 11:35:00,2026-03-19 14:10:00,155,15,158.56668174375332,158.67077380101702,100.0,0.0,-25.0,6.56025396297853,5878.705041107999,786320.4369506836
24,TSLA,2026-03-18,2026-03-18 11:00:00,398.6300048828125,Mid-Day,54574886.8,0.2250742642688,Buy,9491,large,0.017390782751014335,Careful,9.34948181031064,2026-03-18 11:00:00,2026-03-18 16:00:00,300,30,396.87994867321385,397.2863176901348,56.8643978505953,43.1356021494047,-25.0,-10.228618475552723,16609.783485300824,3783397.3763427734
25,XOM,2026-02-12,2026-02-12 15:45:00,150.7100067138672,Market Close,17762736.45,0.2782613142294518,Sell,7285,large,0.04101282491302178,Careful,7.5941902856303605,2026-02-12 15:45:00,2026-02-12 16:00:00,15,2,150.3029505177181,150.2858796325336,100.0,0.0,25.0,-1.1358941522806565,2965.4043889460863,1097922.3989105225
26,BAC,2026-01-06,2026-01-06 15:05:00,57.28499984741211,Market Close,32804662.816666663,0.1079435125357006,Sell,1004,medium,0.0030605405262385753,Immediate,31.825508714898586,2026-01-06 15:05:00,2026-01-06 15:24:00,19,2,57.25951727848554,57.268737270856775,100.0,0.0,4.4483842182852475,1.6099520978835407,25.584499202276362,57514.13984680176
27,JPM,2026-03-25,2026-03-25 11:30:00,295.4150085449219,Mid-Day,8000459.216666667,0.2028672463158532,Sell,1714,medium,0.021423770230955888,VWAP,13.990027038701303,2026-03-25 11:30:00,2026-03-25 13:58:00,148,14,294.9116082257576,294.89501988708537,100.0,0.0,17.040444953821904,-0.5625167450641073,862.8281470475363,506341.3246459961
28,SPY,2026-02-24,2026-02-24 10:55:00,685.3699951171875,Market Open,78590554.1,0.0921005603523084,Sell,4531,large,0.00576532390169266,Careful,5.273808194110156,2026-02-24 10:55:00,2026-02-24 15:55:00,300,30,686.9056595062368,687.0584464543808,66.01191789891855,33.988082101081446,-22.406355690939485,2.2237838561257943,6958.095346782451,3105411.4478759766
29,SPY,2026-01-06,2026-01-06 12:15:00,690.0501098632812,Mid-Day,78590554.1,0.0408123337319369,Buy,1323,medium,0.0016834084135818556,VWAP-Dark,10.346380691521306,2026-01-06 12:15:00,2026-01-06 14:27:00,132,13,691.2639031417882,691.128138168064,65.15495086923659,34.845049130763414,17.58992950160449,1.9643965601530904,1605.8485074647017,912936.2953491211
30,BAC,2026-01-09,2026-01-09 10:15:00,56.04999923706055,Market Open,32804662.816666663,0.1456277459389161,Buy,1428,medium,0.004353039712618212,VWAP,18.028534485980114,2026-01-09 10:15:00,2026-01-09 11:17:00,62,6,56.16956173218613,56.15566762577665,100.0,0.0,21.331399955939663,2.4742126657760837,170.7352430393356,80039.39891052246
31,GOOGL,2026-02-27,2026-02-27 13:45:00,306.25,Mid-Day,25643554.616666667,0.2624633622321455,Sell,8029,large,0.031310011891961594,VWAP-Dark,8.03242416103222,2026-02-27 13:45:00,2026-02-27 16:00:00,135,13,307.5957881454018,309.23968485839254,46.03312990409765,53.96687009590235,-25.0,53.159306307775914,10805.333019431035,2458881.25
32,SPY,2026-02-06,2026-02-06 11:45:00,687.8200073242188,Mid-Day,78590554.1,0.1105008590151215,Sell,8236,large,0.010479630910249556,VWAP-Dark,10.334494201838009,2026-02-06 11:45:00,2026-02-06 15:22:00,217,21,688.8017688865089,688.928632407237,55.22098105876639,44.77901894123361,-14.273524349915117,1.8414609984333192,8085.788227021289,5664885.580322266
33,SPY,2026-01-27,2026-01-27 11:05:00,696.0900268554688,Mid-Day,78590554.1,0.0442676501689504,Buy,233,small,0.00029647328825742434,VWAP,13.981686935909433,2026-01-27 11:05:00,2026-01-27 13:43:00,158,15,695.9206670328432,695.8898652326293,100.0,0.0,-2.4330160768230114,0.44262464152443337,39.46083867175355,162188.97625732422
34,JNJ,2026-03-09,2026-03-09 12:50:00,242.97000122070312,Mid-Day,6264880.733333333,0.2032447005533358,Buy,157,small,0.002506033341778648,VWAP,15.37395602937923,2026-03-09 12:50:00,2026-03-09 15:17:00,147,14,242.34397651920418,242.33844600361067,100.0,0.0,-25.0,0.22821453569210076,98.28587813533497,38146.29019165039
35,MSFT,2026-02-10,2026-02-10 10:05:00,423.3200073242187,Market Open,28455318.35,0.2312345109532451,Sell,143,small,0.0005025422602590562,Immediate,38.39711232825521,2026-02-10 10:05:00,2026-02-10 10:11:00,6,1,423.2046879499368,422.33597214699944,100.0,0.0,2.724165460802029,-20.569306434427453,16.49067052231311,60534.761047363274
36,SPY,2026-03-10,2026-03-10 13:20:00,682.6799926757812,Mid-Day,78590554.1,0.1517055308039198,Buy,1184,medium,0.0015065423746643365,VWAP,13.463459943659613,2026-03-10 13:20:00,2026-03-10 14:47:00,87,8,681.2269209295881,680.1833355327952,100.0,0.0,-21.284815166441028,15.342707506578732,1720.436947492668,808293.111328125
37,SPY,2026-03-16,2026-03-16 15:10:00,669.8499755859375,Market Close,78590554.1,0.1174194732491613,Sell,259,small,0.00032955614445782363,VWAP,13.469532018962276,2026-03-16 15:10:00,2026-03-16 16:00:00,50,5,669.0982400055985,669.1851226054932,100.0,0.0,11.222446931962546,1.2983343018208926,194.69951530779042,173491.1436767578
38,TSLA,2026-03-20,2026-03-20 12:20:00,376.6799926757813,Mid-Day,54574886.8,0.3034310007850734,Sell,2720,medium,0.004983977355680013,Immediate,34.75002496219497,2026-03-20 12:20:00,2026-03-20 12:35:00,15,2,375.6969000568808,375.8417948973126,100.0,0.0,25.0,3.8552082923980566,2674.011923409398,1024569.5800781251
39,JNJ,2026-02-23,2026-02-23 10:15:00,246.15499877929688,Market Open,6264880.733333333,0.1710298877202097,Buy,2352,medium,0.0375426141392572,VWAP,14.522179408898072,2026-02-23 10:15:00,2026-02-23 12:52:00,157,15,246.12617011727735,246.06784307991055,100.0,0.0,-1.1711589105435423,2.370364068573838,67.805013069913,578956.5571289062
40,JPM,2026-01-09,2026-01-09 15:35:00,329.510009765625,Market Close,8000459.216666667,0.1500120393800585,Buy,402,small,0.0050247115710876705,VWAP,12.24604822939982,2026-01-09 15:35:00,2026-01-09 16:00:00,25,2,329.4625111698112,329.45006575090326,100.0,0.0,-1.4414917424691074,0.3777634367613126,19.094435517150146,132463.02392578125
41,BAC,2026-03-02,2026-03-02 10:50:00,49.8849983215332,Market Open,32804662.816666663,0.2473076321588838,Sell,1672,medium,0.005096836414214041,Careful,7.262197580663467,2026-03-02 10:50:00,2026-03-02 14:08:00,198,19,50.14811209063769,50.14150826085361,55.92105263157895,44.07894736842105,-25.0,-1.31703852020582,439.9262219426999,83407.71719360352
42,MSFT,2026-01-27,2026-01-27 11:10:00,479.1199951171875,Mid-Day,28455318.35,0.1769853610644823,Sell,179,small,0.0006290563957088886,VWAP,11.408570203797998,2026-01-27 11:10:00,2026-01-27 13:12:00,122,12,480.19067710426566,480.27591924531237,100.0,0.0,-22.346844172434988,1.7748576938992118,191.65207568699066,85762.47912597656
43,AAPL,2026-03-19,2026-03-19 14:10:00,248.3999938964844,Mid-Day,33477742.733333334,0.2144179453219092,Buy,473,small,0.001412879009698107,VWAP,11.763869865062233,2026-03-19 14:10:00,2026-03-19 15:18:00,68,6,248.35581697620074,248.13205262626573,100.0,0.0,-1.7784589923166774,9.017954253255697,20.895683294171675,117493.19711303712
44,WMT,2026-01-26,2026-01-26 12:30:00,117.87000274658205,Mid-Day,17351543.35,0.137107424903547,Sell,6284,large,0.03621579863672473,VWAP,14.983677727394797,2026-01-26 12:30:00,2026-01-26 14:42:00,132,13,117.77212088958129,117.77791783405328,100.0,0.0,8.304221152111234,0.49219281327112907,615.0895893927607,740695.0972595216
45,WMT,2026-01-20,2026-01-20 13:20:00,118.83000183105467,Mid-Day,17351543.35,0.2456529576082283,Buy,302,small,0.0017404791833690115,VWAP,14.189254495045478,2026-01-20 13:20:00,2026-01-20 15:34:00,134,13,118.41968655291996,118.33170881116247,100.0,0.0,-25.0,7.434840808213291,123.91521399668474,35886.66055297851
46,AAPL,2026-03-13,2026-03-13 10:15:00,254.94000244140625,Market Open,33477742.733333334,0.2007488573929299,Sell,351,small,0.0010484577852093776,VWAP,19.148459010681,2026-03-13 10:15:00,2026-03-13 12:53:00,158,15,253.3723711159318,253.3331387355757,100.0,0.0,25.0,-1.5486477825967024,550.2385952415325,89483.9408569336
47,WMT,2026-01-20,2026-01-20 11:40:00,118.18000030517578,Mid-Day,17351543.35,0.2456529576082283,Buy,1752,medium,0.010097084533981815,VWAP,13.62393899116633,2026-01-20 11:40:00,2026-01-20 13:40:00,120,12,118.4408271276172,118.41566150400557,100.0,0.0,22.070301384996103,2.125193854596361,456.968592917361,207051.36053466797
48,MSFT,2026-02-03,2026-02-03 11:05:00,413.2850036621094,Mid-Day,28455318.35,0.2546293834841676,Buy,8795,large,0.0309081061467021,VWAP-Dark,12.064118451946305,2026-02-03 11:05:00,2026-02-03 13:05:00,120,12,412.04006816760466,411.8878804440084,51.552018192154634,48.447981807845366,-25.0,3.6948822925362323,10949.207674168978,3634841.607208252
49,XOM,2026-01-12,2026-01-12 12:00:00,123.75,Mid-Day,17762736.45,0.1601087557417951,Buy,326,small,0.001835302803245724,Immediate,32.64528575839061,2026-01-12 12:00:00,2026-01-12 12:14:00,14,2,123.76270751476122,123.64610104768528,100.0,0.0,1.0268698796943396,9.430662680658997,4.14264981215689,40342.5
50,SPY,2026-02-20,2026-02-20 12:40:00,686.011474609375,Mid-Day,78590554.1,0.1652585353176334,Sell,2182,medium,0.0027764150857412014,Immediate,20.261889131766672,2026-02-20 12:40:00,2026-02-20 12:55:00,15,1,685.7741689017573,686.7500526151324,100.0,0.0,3.4592090132720386,14.210173114059979,517.801054021776,1496877.0375976562
51,XOM,2026-01-05,2026-01-05 10:00:00,123.04000091552734,Market Open,17762736.45,0.2526852598129665,Sell,119,small,0.0006699418208166907,Immediate,33.27074744033421,2026-01-05 10:00:00,2026-01-05 10:07:00,7,2,122.76154535110963,122.88422645033096,100.0,0.0,22.63130383174204,9.983470032332544,33.136212165707704,14641.760108947754
52,JPM,2026-03-03,2026-03-03 09:30:00,291.3550109863281,Market Open,8000459.216666667,0.3077119830896067,Buy,146,small,0.0018248952472109448,Immediate,23.560719337395028,2026-03-03 09:30:00,2026-03-03 09:49:00,19,1,291.4911641216394,291.04267879018715,100.0,0.0,4.673100862426418,15.409607048577632,19.87835775544204,42537.831604003906
53,WMT,2026-02-25,2026-02-25 13:35:00,126.02999877929688,Mid-Day,17351543.35,0.1640015188793819,Sell,1756,medium,0.010120137238397298,VWAP,19.610703174694553,2026-02-25 13:35:00,2026-02-25 15:13:00,98,9,126.0361052608943,126.05740867598554,100.0,0.0,-0.48452603797301474,1.6899772345786463,10.72298168508297,221308.6778564453
54,TSLA,2026-03-10,2026-03-10 13:20:00,402.9032897949219,Mid-Day,54574886.8,0.3392424366549482,Buy,2049,medium,0.003754474118304539,VWAP,11.486627277531129,2026-03-10 13:20:00,2026-03-10 15:55:00,155,15,400.8762614021813,400.6071014600088,100.0,0.0,-25.0,6.718801069465729,4153.381176725468,825548.8407897949
55,JPM,2026-01-12,2026-01-12 12:20:00,322.19000244140625,Mid-Day,8000459.216666667,0.1691066717364426,Buy,1666,medium,0.020823804670229002,Careful,7.0731206186351185,2026-01-12 12:20:00,2026-01-12 16:00:00,220,22,322.8813282574554,323.1804753793128,62.54501800720288,37.45498199279712,21.45708466465699,-9.256348840575745,1151.7488095378499,536768.5440673828
56,GOOGL,2026-03-03,2026-03-03 13:00:00,300.80999755859375,Mid-Day,25643554.616666667,0.3034855019669205,Sell,1896,medium,0.007393670761883072,VWAP-Dark,8.597447676550507,2026-03-03 13:00:00,2026-03-03 16:00:00,180,18,301.96294113216624,302.3823213625012,65.34810126582279,34.65189873417721,-25.0,13.869204669284205,2185.9810154934335,570335.7553710938
57,XOM,2026-03-03,2026-03-03 10:30:00,151.4499969482422,Market Open,17762736.45,0.3772585158969848,Sell,21829,very_large,0.12289210089586168,Careful,9.984371259229738,2026-03-03 10:30:00,2026-03-03 14:15:00,225,22,152.05967849588558,152.05303640369084,58.81167254569609,41.18832745430391,-25.0,-0.43682733024179843,13308.738503507568,3306001.9833831787
58,SPY,2026-02-02,2026-02-02 11:35:00,695.239990234375,Mid-Day,78590554.1,0.0809027667459299,Buy,970,medium,0.0012342450197841272,VWAP-Dark,11.515365072318698,2026-02-02 11:35:00,2026-02-02 14:47:00,192,19,696.2809860828131,696.2478222653402,60.0,40.0,14.97318714487613,0.4763220280528732,1009.7659729849715,674382.7905273438
59,SPY,2026-03-17,2026-03-17 13:05:00,671.8099975585938,Mid-Day,78590554.1,0.095293322301809,Sell,111,small,0.00014123834762478157,VWAP,15.953850173200438,2026-03-17 13:05:00,2026-03-17 15:56:00,171,17,671.1997718704898,671.2309684823779,100.0,0.0,9.083307636408037,0.46476717185119176,67.73505137953555,74570.9097290039
60,XOM,2026-01-12,2026-01-12 15:30:00,123.43499755859376,Market Close,17762736.45,0.1601087557417951,Sell,4353,large,0.024506359210210542,VWAP,10.670764773884274,2026-01-12 15:30:00,2026-01-12 16:00:00,30,3,123.69563670736967,123.91104272400285,100.0,0.0,-21.11549835387526,17.383924136041134,1134.562214621529,537312.5443725587
61,BAC,2026-01-15,2026-01-15 12:30:00,52.82500076293945,Mid-Day,32804662.816666663,0.2031095788720657,Buy,323,small,0.000984616125473167,VWAP,17.49960470399178,2026-01-15 12:30:00,2026-01-15 13:56:00,86,8,52.821018945883765,52.81306522519544,100.0,0.0,-0.7537751061391341,1.5060138347230165,1.2861269089873701,17062.475246429443
62,SPY,2026-01-22,2026-01-22 10:05:00,687.3300170898438,Market Open,78590554.1,0.0791864291656019,Buy,1467,medium,0.001866636540230221,VWAP-Dark,9.4693391516691,2026-01-22 10:05:00,2026-01-22 13:43:00,218,21,689.7993371157842,689.4564763844198,49.897750511247445,50.102249488752555,25.0,4.972913347080825,3622.4924780545953,1008313.1350708008
63,MSFT,2026-02-13,2026-02-13 12:10:00,403.75,Mid-Day,28455318.35,0.2690226506010956,Sell,457,small,0.001606026663904816,VWAP,18.980542894407137,2026-02-13 12:10:00,2026-02-13 14:26:00,136,13,403.5420762135076,403.643428176185,100.0,0.0,5.149815145322979,2.5109281014526528,95.02117042703378,184513.75
64,WMT,2026-01-29,2026-01-29 13:50:00,117.01499938964844,Mid-Day,17351543.35,0.1830305928525505,Buy,255,small,0.001469609906487079,VWAP,12.051396404820071,2026-01-29 13:50:00,2026-01-29 15:27:00,97,9,117.34005904458893,117.32185538957295,100.0,0.0,25.0,1.5515996534093868,82.89021200982468,29838.82484436035
65,MSFT,2026-03-19,2026-03-19 09:40:00,391.9599914550781,Market Open,28455318.35,0.1855085388045853,Buy,19337,very_large,0.06795566214426133,VWAP-Dark,9.334814044645666,2026-03-19 09:40:00,2026-03-19 12:29:00,169,16,389.7362782547505,389.68845747696645,61.933081656927136,38.066918343072864,-25.0,1.2271540731199253,42999.94215473497,7579330.354766846
66,TSLA,2026-03-05,2026-03-05 13:05:00,402.1600036621094,Mid-Day,54574886.8,0.3688389984074922,Sell,8467,large,0.015514461864170099,VWAP-Dark,8.255847674936664,2026-03-05 13:05:00,2026-03-05 16:00:00,175,17,402.09161571250803,402.3486797010225,50.59643321129089,49.40356678870911,1.7005159383975808,6.389084927667201,579.040769274585,3405088.75100708
67,MSFT,2026-01-08,2026-01-08 11:15:00,477.75,Mid-Day,28455318.35,0.1529528528173926,Buy,589,medium,0.002069911827220868,VWAP,14.720669451099992,2026-01-08 11:15:00,2026-01-08 13:56:00,161,16,477.84354955720346,477.8131360905809,100.0,0.0,1.9581278326208205,0.6365138236134802,55.10068919283776,281394.75
68,WMT,2026-03-11,2026-03-11 13:55:00,123.86499786376952,Mid-Day,17351543.35,0.2081301884031135,Buy,1039,medium,0.005987939971921863,VWAP-Dark,11.953887932838315,2026-03-11 13:55:00,2026-03-11 15:58:00,123,12,123.50579205522797,123.45064947437459,74.87969201154957,25.120307988450435,-25.0,4.466771223008532,373.2148350746662,128695.73278045653
69,AAPL,2026-02-12,2026-02-12 10:15:00,270.864990234375,Market Open,33477742.733333334,0.2978616860261164,Sell,319,small,0.0009528718902615141,VWAP,10.657086394283525,2026-02-12 10:15:00,2026-02-12 12:22:00,127,12,267.3699906568388,267.6975569275816,100.0,0.0,25.0,12.23643108672154,1114.904865234045,86405.93188476562
70,AAPL,2026-01-21,2026-01-21 14:25:00,247.1103057861328,Mid-Day,33477742.733333334,0.2404724894674951,Sell,456,small,0.0013620990030070545,Immediate,35.510552333900215,2026-01-21 14:25:00,2026-01-21 14:35:00,10,2,247.73300298174843,247.4700606667704,100.0,0.0,-25.0,-10.625217218987041,283.9499212007204,112682.29943847656
71,SPY,2026-01-06,2026-01-06 09:55:00,690.0750122070312,Market Open,78590554.1,0.0408123337319369,Buy,140,small,0.00017813845646368843,Careful,7.266444173740138,2026-01-06 09:55:00,2026-01-06 14:23:00,268,26,690.4861275330907,690.1517246739403,60.71428571428571,39.28571428571429,5.957545466609022,4.845352799898608,57.55614564831831,96610.50170898438
72,GOOGL,2026-03-24,2026-03-24 10:55:00,295.7699890136719,Market Open,25643554.616666667,0.2491527087305736,Buy,1239,medium,0.004831623456736881,VWAP-Dark,11.67073188529306,2026-03-24 10:55:00,2026-03-24 12:55:00,120,12,294.7607262229046,294.942975249641,72.31638418079096,27.683615819209038,-25.0,-6.179127561255376,1250.4765977606255,366459.01638793945
73,XOM,2026-03-03,2026-03-03 12:40:00,152.52999877929688,Mid-Day,17762736.45,0.3772585158969848,Sell,2446,medium,0.013770400787543071,VWAP,14.407627469382282,2026-03-03 12:40:00,2026-03-03 15:28:00,168,16,151.72157630016233,151.63162235267038,100.0,0.0,25.0,-5.932400253736724,1977.401383963107,373088.37701416016
74,GOOGL,2026-01-21,2026-01-21 15:15:00,329.0950012207031,Market Close,25643554.616666667,0.2850445358671046,Sell,1724,medium,0.006722936916395788,VWAP,14.00763060875326,2026-01-21 15:15:00,2026-01-21 16:00:00,45,4,328.7414788565173,328.5985079859779,100.0,0.0,10.742258705678429,-4.350928779794926,609.4725558563798,567359.7821044922
75,JNJ,2026-03-27,2026-03-27 09:45:00,241.4250030517578,Market Open,6264880.733333333,0.1765177075791884,Sell,311,small,0.004964180696134774,Immediate,31.19280662616436,2026-03-27 09:45:00,2026-03-27 09:52:00,7,2,241.30536275232555,241.41171858466424,100.0,0.0,4.9555886059826815,4.405578691963677,37.20813312343364,75083.17594909668
76,MSFT,2026-02-11,2026-02-11 15:15:00,404.3599853515625,Market Close,28455318.35,0.253790179320384,Sell,12779,very_large,0.04490900380315021,VWAP-Dark,9.086681721514987,2026-02-11 15:15:00,2026-02-11 16:00:00,45,4,404.05662162843623,404.42248515981333,100.0,0.0,7.50231808576494,9.046567508048552,3876.6850178305704,5167316.252807617
77,JNJ,2026-01-22,2026-01-22 12:20:00,219.69239807128903,Mid-Day,6264880.733333333,0.1915393613260745,Buy,1424,medium,0.022729882029890413,VWAP,11.81928130495271,2026-01-22 12:20:00,2026-01-22 15:17:00,177,17,219.44397470258926,219.447380030822,100.0,0.0,-11.307781738499814,-0.1551774385391325,353.7548770284802,312841.97485351557
78,TSLA,2026-02-26,2026-02-26 15:35:00,408.8800048828125,Market Close,54574886.8,0.2938936176206774,Sell,2081,medium,0.003813109146018421,VWAP,18.617856210135173,2026-02-26 15:35:00,2026-02-26 16:00:00,25,2,408.65397443385285,408.6403561622819,100.0,0.0,5.528038697427368,-0.3332581172077955,470.3693642850272,850879.2901611328
79,XOM,2026-02-18,2026-02-18 12:20:00,150.0,Mid-Day,17762736.45,0.1875355644234199,Sell,889,medium,0.005004859484924689,VWAP,19.461154621336327,2026-02-18 12:20:00,2026-02-18 14:37:00,137,13,150.28879357544176,150.36403941969144,100.0,0.0,-19.252905029450556,5.004244667812825,256.7374885677232,133350.0
80,SPY,2026-01-22,2026-01-22 09:40:00,689.4000244140625,Market Open,78590554.1,0.0791864291656019,Buy,2117,medium,0.002693707945240203,VWAP,13.73309316279753,2026-01-22 09:40:00,2026-01-22 12:27:00,167,16,689.3101047499833,688.8309654604114,100.0,0.0,-1.3043176805162777,6.955832614923685,190.35992885558494,1459459.8516845703
81,XOM,2026-01-16,2026-01-16 15:40:00,129.83999633789062,Market Close,17762736.45,0.1351146699758535,Sell,470,small,0.002645988704065921,VWAP-Dark,9.895212712004877,2026-01-16 15:40:00,2026-01-16 16:00:00,20,2,129.84537012613453,129.9562923117443,0.0,100.0,-0.41387772608344425,8.53534551014243,2.5256804746334183,61024.798278808594
82,XOM,2026-01-20,2026-01-20 11:05:00,131.05499267578125,Mid-Day,17762736.45,0.1811512969586451,Buy,355,small,0.0019985659360497914,Immediate,32.87999086478032,2026-01-20 11:05:00,2026-01-20 11:14:00,9,2,131.185233691796,131.1077082153902,100.0,0.0,9.937890450075495,5.9131135355077165,46.23556068523129,46524.522399902344
83,BAC,2026-03-27,2026-03-27 09:50:00,47.76499938964844,Market Open,32804662.816666663,0.2402851761593644,Sell,7804,large,0.023789301062515776,VWAP-Dark,10.861139197686676,2026-03-27 09:50:00,2026-03-27 12:51:00,181,18,47.63521467957671,47.60723301435252,56.6376217324449,43.3623782675551,25.0,-5.8776079709890405,1012.8398773997409,372758.0552368164
84,XOM,2026-01-20,2026-01-20 13:05:00,130.64999389648438,Mid-Day,17762736.45,0.1811512969586451,Sell,402,small,0.0022631648064563837,VWAP,10.253863556603449,2026-01-20 13:05:00,2026-01-20 15:27:00,142,14,130.46592615112448,130.46996766494027,100.0,0.0,14.088614922227727,0.3097658325609114,73.99523363467864,52521.29754638672
85,AAPL,2026-03-16,2026-03-16 11:45:00,253.51499938964844,Mid-Day,33477742.733333334,0.1751612106286763,Sell,109,small,0.00032558945466615996,Careful,5.780762986830952,2026-03-16 11:45:00,2026-03-16 14:52:00,187,18,252.71383472962304,252.78334267496004,44.95412844036697,55.04587155963303,25.0,2.749704335794412,87.32694794276779,27633.13493347168
86,JPM,2026-03-04,2026-03-04 11:35:00,298.42138671875,Mid-Day,8000459.216666667,0.212562473516321,Buy,411,small,0.005137205113723961,Immediate,34.31944457694795,2026-03-04 11:35:00,2026-03-04 11:51:00,16,2,298.6854438084167,298.66344408160563,100.0,0.0,8.848463998178,0.7366059438153948,108.52746385302248,122651.18994140625
87,AAPL,2026-03-27,2026-03-27 14:50:00,248.69000244140625,Mid-Day,33477742.733333334,0.2401842346578616,Buy,385,small,0.0011500177985914826,Immediate,33.17847883820303,2026-03-27 14:50:00,2026-03-27 15:09:00,19,1,248.7649812336371,248.6857929012034,100.0,0.0,3.0149499977789764,3.184272471292619,28.8668350088723,95745.6509399414
88,BAC,2026-02-19,2026-02-19 14:10:00,52.380001068115234,Mid-Day,32804662.816666663,0.2340186999480508,Sell,7972,large,0.024301423381647327,Careful,5.135479962517417,2026-02-19 14:10:00,2026-02-19 16:00:00,110,11,52.50348881459011,52.57124274799544,74.81184144505771,25.18815855494229,-23.57536158013724,12.8880220180664,984.4443148977366,417573.36851501465
89,MSFT,2026-02-25,2026-02-25 11:00:00,397.9179992675781,Mid-Day,28455318.35,0.2029473234132232,Buy,1528,medium,0.005369822193537328,Careful,6.109860809664747,2026-02-25 11:00:00,2026-02-25 14:35:00,215,21,398.17585565761834,398.14870433920373,58.50785340314136,41.49214659685864,6.480138885771361,0.6819391377820114,394.00456398145207,608018.7028808594
90,BAC,2026-02-19,2026-02-19 11:50:00,52.7400016784668,Mid-Day,32804662.816666663,0.2340186999480508,Buy,1515,medium,0.004618245913597053,VWAP-Dark,9.6175235761165,2026-02-19 11:50:00,2026-02-19 13:55:00,125,12,52.485651872641284,52.47438753997993,52.34323432343234,47.65676567656766,-25.0,2.146634422893043,385.3399558256514,79901.1025428772
91,TSLA,2026-02-03,2026-02-03 11:25:00,423.1799926757813,Mid-Day,54574886.8,0.3770852579409668,Buy,388,small,0.0007109497110308254,Immediate,33.437854871974565,2026-02-03 11:25:00,2026-02-03 11:43:00,18,2,424.3428551449573,424.34152023280274,100.0,0.0,25.0,0.031458438331211286,451.1906380402845,164193.83715820315
92,AAPL,2026-03-16,2026-03-16 15:15:00,252.58999633789065,Market Close,33477742.733333334,0.1751612106286763,Buy,873,medium,0.0026077026965464004,VWAP,10.197105377543641,2026-03-16 15:15:00,2026-03-16 16:00:00,45,4,252.6693842372297,252.4033531775478,100.0,0.0,3.142955005742034,10.539917807461109,69.30563612299375,220511.06680297854
93,TSLA,2026-02-19,2026-02-19 13:00:00,409.0549926757813,Mid-Day,54574886.8,0.3044986436858105,Buy,2693,medium,0.004934504051046424,VWAP-Dark,8.728760073892017,2026-02-19 13:00:00,2026-02-19 16:00:00,180,18,410.28529162180854,410.1263703087747,37.87597474935016,62.12402525064984,25.0,3.874935252619362,3313.195061651338,1101585.0952758791
94,TSLA,2026-01-13,2026-01-13 14:30:00,444.9419860839844,Mid-Day,54574886.8,0.2646962667166331,Buy,323,small,0.0005918473109870015,VWAP-Dark,13.599412597612325,2026-01-13 14:30:00,2026-01-13 16:00:00,90,9,446.41096931353087,446.44319141972096,59.44272445820433,40.55727554179567,25.0,-0.7217515421754309,474.481583143518,143716.26150512695
95,TSLA,2026-03-05,2026-03-05 14:30:00,400.4200134277344,Mid-Day,54574886.8,0.3688389984074922,Sell,1762,medium,0.0032285912134956546,VWAP-Dark,9.249812634380335,2026-03-05 14:30:00,2026-03-05 16:00:00,90,9,402.36218877578125,403.0968807196268,54.48354143019296,45.51645856980704,-25.0,18.226187772377955,3422.1129632585917,705540.063659668
96,SPY,2026-02-19,2026-02-19 15:30:00,683.2949829101562,Market Close,78590554.1,0.1273162493235914,Sell,276,small,0.00035118724274270006,VWAP,16.527461078518748,2026-02-19 15:30:00,2026-02-19 16:00:00,30,3,683.4763852962808,683.785332384985,100.0,0.0,-2.6548180604510283,4.518188297878178,50.067058570374684,188589.41528320312
97,SPY,2026-02-09,2026-02-09 15:55:00,693.9099731445312,Market Close,78590554.1,0.0757160767562775,Buy,2302,medium,0.0029291051912815054,VWAP,12.381827810467264,2026-02-09 15:55:00,2026-02-09 16:00:00,5,1,693.9721446839451,694.2199910481771,100.0,0.0,0.895959732818103,-3.5701415607150415,143.11888373065767,1597380.758178711
98,SPY,2026-02-23,2026-02-23 13:05:00,682.8800048828125,Mid-Day,78590554.1,0.1114952298451836,Sell,1352,medium,0.0017203085224207625,VWAP-Dark,8.696089749315416,2026-02-23 13:05:00,2026-02-23 16:00:00,175,17,681.9576726534558,681.8350874705618,41.05029585798817,58.94970414201183,13.506505136506046,-1.7978714376339873,1246.9931740902557,923253.7666015625
99,AAPL,2026-01-13,2026-01-13 12:10:00,260.739990234375,Mid-Day,33477742.733333334,0.1752908790797981,Sell,381,small,0.0011380695617229995,Immediate,24.863443819989083,2026-01-13 12:10:00,2026-01-13 12:19:00,9,2,260.56259940032527,260.6685051992943,100.0,0.0,6.803361229333393,4.062853657294613,67.58590777294768,99341.93627929688
100,BAC,2026-03-05,2026-03-05 10:05:00,49.78499984741211,Market Open,32804662.816666663,0.259477617428981,Sell,162,small,0.0004938322363054274,Immediate,34.44533863711318,2026-03-05 10:05:00,2026-03-05 10:24:00,19,1,49.76994110760276,49.791174031993314,100.0,0.0,3.024754415085244,4.264395207252935,2.4395158491143434,8065.169975280762
101,TSLA,2026-02-10,2026-02-10 12:40:00,424.2999877929687,Mid-Day,54574886.8,0.3186716957801773,Sell,1740,medium,0.003188279631942361,VWAP,18.55696468106286,2026-02-10 12:40:00,2026-02-10 15:27:00,167,16,424.6192086621387,424.6217041516144,100.0,0.0,-7.523471090123379,0.05876971081031755,555.4443123558178,738281.9787597655
102,GOOGL,2026-01-09,2026-01-09 10:25:00,329.67999267578125,Market Open,25643554.616666667,0.1882531605410662,Buy,1188,medium,0.00463274307231914,VWAP-Dark,13.811539051968941,2026-01-09 10:25:00,2026-01-09 12:26:00,121,12,329.6797726658454,329.7776331678889,46.464646464646464,53.535353535353536,-0.006673439114670994,-2.9674693551356737,0.2613718037835042,391659.8312988281
103,MSFT,2026-03-30,2026-03-30 11:35:00,363.5249938964844,Mid-Day,28455318.35,0.2669856470082571,Sell,8580,large,0.030152535615543374,VWAP-Dark,10.780284707329184,2026-03-30 11:35:00,2026-03-30 14:31:00,176,17,360.8628361870171,360.7667104142893,67.26107226107226,32.73892773892774,25.0,-2.664485662143633,22841.313147229386,3119044.447631836
104,MSFT,2026-03-05,2026-03-05 12:05:00,410.6749877929687,Mid-Day,28455318.35,0.3069314924514477,Sell,2133,medium,0.007495962525402566,VWAP,16.680851365706463,2026-03-05 12:05:00,2026-03-05 13:54:00,109,10,408.9435222898272,409.4705482962871,100.0,0.0,25.0,12.870913638423628,3693.215918200865,875969.7489624022
105,TSLA,2026-01-26,2026-01-26 13:50:00,438.5199890136719,Mid-Day,54574886.8,0.2092062350327029,Buy,204,small,0.00037379830167600097,VWAP,12.04984295415821,2026-01-26 13:50:00,2026-01-26 15:52:00,122,12,436.7936778904698,436.34030114954385,100.0,0.0,-25.0,10.39043929088159,352.1674691332273,89458.07775878906
106,SPY,2026-03-10,2026-03-10 13:45:00,682.0880126953125,Mid-Day,78590554.1,0.1517055308039198,Buy,198,small,0.0002519386741415022,Immediate,25.862954605220267,2026-03-10 13:45:00,2026-03-10 13:54:00,9,1,682.3216828068867,682.0994607174323,100.0,0.0,3.4258058670580422,3.257913284678884,46.266682091682924,135053.42651367188
107,XOM,2026-03-09,2026-03-09 11:25:00,151.84500122070312,Mid-Day,17762736.45,0.326781338810048,Sell,1010,medium,0.00568606083214166,VWAP-Dark,14.27435072964784,2026-03-09 11:25:00,2026-03-09 14:03:00,158,15,151.66620519398666,151.71855628628055,39.801980198019805,60.198019801980195,11.774903703059241,3.4505398400382505,180.5839869836339,153363.45123291016
108,TSLA,2026-01-30,2026-01-30 12:10:00,435.4200134277344,Mid-Day,54574886.8,0.4498169713787774,Sell,484,small,0.0008868547941724728,Immediate,20.26003847021472,2026-01-30 12:10:00,2026-01-30 12:17:00,7,1,435.2524516469522,434.9460662094218,100.0,0.0,3.848279261743293,-7.044216773829724,81.09990189858172,210743.28649902344
109,BAC,2026-03-17,2026-03-17 13:05:00,47.47999954223633,Mid-Day,32804662.816666663,0.1966919624006869,Sell,904,medium,0.0027557058124697926,VWAP,10.85508530854468,2026-03-17 13:05:00,2026-03-17 15:54:00,169,16,47.4071500392378,47.415203514745144,100.0,0.0,15.343197915098045,1.6985006728572505,65.85595071067081,42921.91958618164
110,AAPL,2026-03-12,2026-03-12 13:20:00,255.33999633789065,Mid-Day,33477742.733333334,0.2044746239610425,Sell,9966,large,0.029769032157825233,VWAP-Dark,9.45520378602219,2026-03-12 13:20:00,2026-03-12 16:00:00,160,16,255.3975803895552,255.51042981657187,72.7373068432671,27.262693156732894,-2.255191215259034,4.416627027620091,573.8826588888903,2544718.4035034184
111,JNJ,2026-02-18,2026-02-18 12:40:00,243.69000244140625,Mid-Day,6264880.733333333,0.1150964377122644,Sell,1017,medium,0.016233349736234935,Immediate,20.530644077476396,2026-02-18 12:40:00,2026-02-18 12:51:00,11,1,243.4626678100772,243.8312856151516,100.0,0.0,9.32884521529432,15.117740290973044,231.19932006165138,247832.73248291016
112,MSFT,2026-03-12,2026-03-12 13:00:00,405.8800048828125,Mid-Day,28455318.35,0.2172076986989352,Sell,296,small,0.0010402273359208438,Immediate,23.628708701795947,2026-03-12 13:00:00,2026-03-12 13:17:00,17,2,404.80959459332536,405.02448852091334,100.0,0.0,25.0,5.305702091563379,316.8414456881942,120140.4814453125
113,XOM,2026-01-06,2026-01-06 13:10:00,122.73999786376952,Mid-Day,17762736.45,0.188929440598629,Buy,2168,medium,0.01220532661790408,VWAP,15.83041560969692,2026-01-06 13:10:00,2026-01-06 15:40:00,150,15,122.14408031075617,122.1012615043455,100.0,0.0,-25.0,3.506827520298882,1291.9492549329443,266100.3153686523
114,GOOGL,2026-02-18,2026-02-18 13:20:00,304.2300109863281,Mid-Day,25643554.616666667,0.2131936983533619,Sell,2393,medium,0.009331779606110861,Immediate,28.42849101184996,2026-02-18 13:20:00,2026-02-18 13:37:00,17,1,303.90073078679524,304.1451183056121,100.0,0.0,10.82339636597148,8.035227399943668,787.9675174822025,728022.4162902832
115,MSFT,2026-02-18,2026-02-18 14:30:00,400.6820983886719,Mid-Day,28455318.35,0.1691959476757608,Sell,1960,medium,0.006887991818935317,Careful,9.463358555384874,2026-02-18 14:30:00,2026-02-18 16:00:00,90,9,399.85589141050804,399.8190255557119,77.14285714285715,22.857142857142847,20.620012261251485,-0.9220635447473507,1619.365677201124,785336.9128417969
116,JPM,2026-01-02,2026-01-02 09:30:00,321.19000244140625,Market Open,8000459.216666667,0.1646077482748532,Buy,6636,large,0.08294523877049198,VWAP-Dark,13.722104932169087,2026-01-02 09:30:00,2026-01-02 12:34:00,184,18,322.82589751456084,322.6642525097946,69.28872814948764,30.71127185051236,25.0,5.0096967206282494,10855.799705453834,2131416.856201172
117,JNJ,2026-02-24,2026-02-24 10:15:00,246.6649932861328,Market Open,6264880.733333333,0.1449779829666388,Buy,264,small,0.004213966893181931,VWAP-Dark,10.392721461885131,2026-02-24 10:15:00,2026-02-24 13:14:00,179,17,246.67606422453375,246.6783372735913,75.75757575757575,24.24242424242425,0.44882487188166303,-0.09214627772639508,2.9227277378465715,65119.55822753906
118,BAC,2026-01-09,2026-01-09 10:00:00,55.97999954223633,Market Open,32804662.816666663,0.1456277459389161,Buy,14809,very_large,0.04514297276201898,VWAP-Dark,9.815964034019048,2026-01-09 10:00:00,2026-01-09 12:23:00,143,14,56.19493743991974,56.170847772382274,58.113309473968535,41.886690526031465,25.0,4.288642328327358,3183.015326793661,829007.8132209778
119,MSFT,2026-02-02,2026-02-02 13:20:00,424.8949890136719,Mid-Day,28455318.35,0.2091113707007673,Buy,7178,large,0.025225512896080462,Careful,6.898462040836335,2026-02-02 13:20:00,2026-02-02 16:00:00,160,16,424.19825021590106,423.96936368759003,65.26887712454723,34.73112287545277,-16.397905736384217,5.398657259576946,5001.191090398946,3049896.2311401367
120,XOM,2026-01-23,2026-01-23 13:25:00,135.21499633789062,Mid-Day,17762736.45,0.1492998031887786,Sell,244,small,0.001373662220834223,VWAP,15.902949425148078,2026-01-23 13:25:00,2026-01-23 14:39:00,74,7,135.26811455910578,135.25238472346928,100.0,0.0,-3.928426776155796,-1.1629987647660767,12.96084597649849,32992.45910644531
121,WMT,2026-01-09,2026-01-09 11:25:00,114.66000366210938,Mid-Day,17351543.35,0.2171797012310806,Sell,184,small,0.0010604244031122453,VWAP,12.680636408228763,2026-01-09 11:25:00,2026-01-09 13:39:00,134,13,114.663465052313,114.58315483612145,100.0,0.0,-0.30188296642880913,-7.0089025133240455,0.6368957974671048,21097.440673828125
122,AAPL,2026-01-08,2026-01-08 14:50:00,257.1499938964844,Mid-Day,33477742.733333334,0.1945935061642301,Sell,177,small,0.0005287094814303698,VWAP,16.24148907849134,2026-01-08 14:50:00,2026-01-08 16:00:00,70,7,257.940340012672,258.22462613196535,100.0,0.0,-25.0,11.009256690649078,139.89126256520638,45515.548919677734
123,JNJ,2026-03-25,2026-03-25 12:25:00,241.13999938964844,Mid-Day,6264880.733333333,0.1691933251022775,Sell,465,small,0.007422328050490899,VWAP,14.094116521912404,2026-03-25 12:25:00,2026-03-25 14:28:00,123,12,240.95233957466533,241.00686549843198,100.0,0.0,7.782193558019997,2.2624220124966468,87.26181396714466,112130.09971618652
124,AAPL,2026-03-06,2026-03-06 15:50:00,257.4100036621094,Market Close,33477742.733333334,0.2341148676565755,Sell,100,small,0.00029870592171207333,Immediate,31.040943617039606,2026-03-06 15:50:00,2026-03-06 15:55:00,5,2,257.4226133003411,257.5357856245135,100.0,0.0,-0.4898658969082179,4.3944310068588,1.2609638231708686,25741.000366210938
125,MSFT,2026-03-25,2026-03-25 13:20:00,371.0400085449219,Mid-Day,28455318.35,0.1862576841528911,Sell,550,medium,0.0019328548471502164,Careful,7.180632645676583,2026-03-25 13:20:00,2026-03-25 16:00:00,160,16,370.574321015847,370.6070715382993,50.18181818181818,49.81818181818182,12.550871020652147,0.8836993400147088,256.1281409911942,204072.00469970703
126,XOM,2026-03-16,2026-03-16 13:15:00,156.88499450683594,Mid-Day,17762736.45,0.1987959681904726,Buy,272,small,0.00153129559043815,VWAP-Dark,10.061260316793424,2026-03-16 13:15:00,2026-03-16 15:26:00,131,13,157.1382265831396,157.12085952497188,49.63235294117647,50.36764705882353,16.141255389000317,1.105331158462472,68.87912475459962,42672.718505859375
127,JPM,2026-03-06,2026-03-06 11:05:00,286.739990234375,Mid-Day,8000459.216666667,0.2752190005234535,Sell,304,small,0.003799781884603611,Careful,9.742266534810783,2026-03-06 11:05:00,2026-03-06 14:47:00,222,22,287.213254204992,287.1154641392181,61.51315789473685,38.48684210526315,-16.50498663371467,-3.4059491036844967,143.87224706756297,87168.95703125
128,GOOGL,2026-01-12,2026-01-12 13:10:00,329.8949890136719,Mid-Day,25643554.616666667,0.2385872634849094,Buy,8565,large,0.03340020573603824,VWAP,17.63605794159761,2026-01-12 13:10:00,2026-01-12 15:39:00,149,14,330.5541787964059,330.54644325791025,100.0,0.0,19.981806474383845,0.23402274183909455,5645.960489116861,2825550.5809020996
129,AAPL,2026-02-12,2026-02-12 13:20:00,261.739990234375,Mid-Day,33477742.733333334,0.2978616860261164,Buy,468,small,0.0013979437136125033,VWAP,11.401131757664526,2026-02-12 13:20:00,2026-02-12 16:00:00,160,16,261.71008978659677,261.7058336705679,100.0,0.0,-1.1423721591590767,0.16262977286929753,13.993409560212513,122494.3154296875
130,WMT,2026-03-05,2026-03-05 14:30:00,122.54499816894533,Mid-Day,17351543.35,0.2789819074321448,Sell,7583,large,0.04370216439565302,Careful,9.342339879489565,2026-03-05 14:30:00,2026-03-05 16:00:00,90,9,123.12198892532938,123.22222788746255,87.98628511143347,12.013714888566525,-25.0,8.134811701726651,4375.320905660244,929258.7211151124
131,XOM,2026-02-10,2026-02-10 11:05:00,150.6699981689453,Mid-Day,17762736.45,0.1359811565353211,Buy,387,small,0.0021787183584542798,Immediate,29.748623964990273,2026-02-10 11:05:00,2026-02-10 11:21:00,16,2,150.74545991526304,150.62944559590187,100.0,0.0,5.008412240976702,7.701968157833186,29.203695824960846,58309.289291381836
132,SPY,2026-01-06,2026-01-06 13:40:00,691.3699951171875,Mid-Day,78590554.1,0.0408123337319369,Sell,133,small,0.000169231533640504,Immediate,37.891044537881825,2026-01-06 13:40:00,2026-01-06 13:54:00,14,1,691.1275844365465,691.4548760760639,100.0,0.0,3.5062366367217335,4.733376693714921,32.24062052525312,91952.20935058594
133,BAC,2026-02-24,2026-02-24 15:15:00,50.40599822998047,Market Close,32804662.816666663,0.2738668750063836,Buy,2642,medium,0.00805373313777123,VWAP-Dark,13.598986791631207,2026-02-24 15:15:00,2026-02-24 16:00:00,45,4,50.37802336963707,50.36396413459805,100.0,0.0,-5.549907020145036,2.7915266958429505,73.90958102725934,133172.6473236084
134,BAC,2026-03-11,2026-03-11 14:00:00,48.220001220703125,Mid-Day,32804662.816666663,0.27584435869347,Sell,2074,medium,0.006322271963564547,VWAP-Dark,10.976494531284635,2026-03-11 14:00:00,2026-03-11 16:00:00,120,12,48.338076664601125,48.3862175537758,58.10028929604629,41.89971070395371,-24.4868189358952,9.949297880366894,244.88847064445258,100008.28253173828
135,XOM,2026-01-02,2026-01-02 11:10:00,121.44000244140624,Mid-Day,17762736.45,0.1456207969366589,Buy,9297,large,0.052339908471703986,Careful,5.112346541600587,2026-01-02 11:10:00,2026-01-02 16:00:00,290,29,122.13015811305124,122.1796856068824,67.07540066688179,32.92459933311821,25.0,-4.053660277905801,6416.377279283581,1129027.7026977537
136,TSLA,2026-03-19,2026-03-19 11:55:00,382.1993103027344,Mid-Day,54574886.8,0.31624356360207,Sell,749,medium,0.0013724261174280622,VWAP,12.68677359384946,2026-03-19 11:55:00,2026-03-19 13:16:00,81,8,381.7315653936026,381.567059848702,100.0,0.0,12.238245766621127,-4.311314109918383,350.3409369397147,286267.28341674805
137,WMT,2026-02-27,2026-02-27 15:20:00,127.76260375976562,Market Close,17351543.35,0.2032749995390097,Sell,3673,large,0.021168145829517808,Careful,7.708171073304334,2026-02-27 15:20:00,2026-02-27 16:00:00,40,4,127.70265526139762,127.5776413212101,59.86931663490335,40.13068336509665,4.692178822585965,-9.799047771448716,220.19083450566922,469272.04360961914
138,BAC,2026-03-12,2026-03-12 11:00:00,47.20000076293945,Mid-Day,32804662.816666663,0.283095766517401,Sell,217,small,0.0006614913288782577,Immediate,32.669564396522944,2026-03-12 11:00:00,2026-03-12 11:11:00,11,2,47.13774696483188,47.17346625360553,100.0,0.0,13.189363792649997,7.571902514355908,13.509074189344119,10242.400165557861
139,JPM,2026-03-19,2026-03-19 13:20:00,285.9700012207031,Mid-Day,8000459.216666667,0.2325294254643599,Sell,358,small,0.004474743140421358,Immediate,25.157753708664046,2026-03-19 13:20:00,2026-03-19 13:27:00,7,2,286.0270745398971,286.08538525677847,100.0,0.0,-1.9957799402162433,2.0382277420083503,20.432248271448202,102377.26043701172
140,JPM,2026-01-16,2026-01-16 09:35:00,312.4200134277344,Market Open,8000459.216666667,0.2006648440789967,Sell,6962,large,0.08702000487042875,VWAP,11.39356074072824,2026-01-16 09:35:00,2026-01-16 10:47:00,72,7,311.6656721545564,311.77860574369373,100.0,0.0,24.145100850028786,3.622236646673439,5251.723943865232,2175068.1334838867
141,TSLA,2026-02-26,2026-02-26 11:00:00,409.1400146484375,Mid-Day,54574886.8,0.2938936176206774,Buy,7363,large,0.013491553408041151,Careful,9.174651183996495,2026-02-26 11:00:00,2026-02-26 16:00:00,300,30,407.3316422967786,407.16685566048176,65.70691294309384,34.29308705690616,-25.0,4.04715251268574,13315.045625264294,3012497.9278564453
142,AAPL,2026-02-03,2026-02-03 14:10:00,270.8399963378906,Mid-Day,33477742.733333334,0.2955012364170737,Buy,20176,very_large,0.06026690676462792,Careful,9.92201090351776,2026-02-03 14:10:00,2026-02-03 16:00:00,110,11,270.1844371579674,270.0866456955318,58.67862807295797,41.32137192704203,-24.204666548044226,3.6207440832103646,13226.562014130808,5464467.766113281
143,SPY,2026-02-03,2026-02-03 12:50:00,687.9299926757812,Mid-Day,78590554.1,0.1380251102436152,Buy,1577,medium,0.0020066024703088332,VWAP-Dark,11.6798312761188,2026-02-03 12:50:00,2026-02-03 15:04:00,134,13,686.3342553336373,686.2859663069456,30.24730500951173,69.75269499048827,-23.196217044370083,0.7036283570177733,2516.477788560984,1084865.598449707
144,GOOGL,2026-01-22,2026-01-22 14:05:00,331.6700134277344,Mid-Day,25643554.616666667,0.1853465035618456,Sell,335,small,0.0013063711525479055,Immediate,23.43358571696607,2026-01-22 14:05:00,2026-01-22 14:12:00,7,2,331.547068072529,331.6259982273564,100.0,0.0,3.7068577268947513,2.380095506664009,41.18669399380508,111109.45449829102
145,JPM,2026-02-11,2026-02-11 13:55:00,309.1099853515625,Mid-Day,8000459.216666667,0.2642200996714478,Buy,3388,large,0.04234756916130604,Careful,6.361536632596845,2026-02-11 13:55:00,2026-02-11 16:00:00,125,12,311.06902971590347,311.00786437886666,61.717827626918535,38.282172373081465,25.0,1.9666813621889865,6637.242306387201,1047264.6303710938
146,MSFT,2026-01-13,2026-01-13 10:15:00,470.2850036621094,Market Open,28455318.35,0.1837150608136553,Sell,321,small,0.0011280843744276717,Immediate,20.367813530949334,2026-01-13 10:15:00,2026-01-13 10:22:00,7,2,469.4155065053673,470.0373102063063,100.0,0.0,18.488728111066315,13.228815828812916,279.1085873142002,150961.4861755371
147,XOM,2026-03-26,2026-03-26 13:15:00,164.8800048828125,Mid-Day,17762736.45,0.2011150350696003,Sell,7858,large,0.044238679226702146,Careful,9.571494032802494,2026-03-26 13:15:00,2026-03-26 16:00:00,165,16,165.2109522591517,165.27772836905135,54.42860778824128,45.57139221175872,-20.072013982193614,4.04023642862176,2600.584483273405,1295627.0783691406
148,BAC,2026-03-10,2026-03-10 15:20:00,48.78499984741211,Market Close,32804662.816666663,0.3061207052784449,Buy,4848,large,0.014778386923510568,VWAP-Dark,8.824257580230988,2026-03-10 15:20:00,2026-03-10 16:00:00,40,4,48.69090887524391,48.661227939734005,49.896864686468646,50.103135313531354,-19.28686531976845,6.099504013065156,456.15303307141505,236509.6792602539
149,WMT,2026-01-29,2026-01-29 14:50:00,117.28500366210938,Mid-Day,17351543.35,0.1830305928525505,Buy,2948,medium,0.01698984315421141,VWAP,15.765164755142536,2026-01-29 14:50:00,2026-01-29 16:00:00,70,7,117.33799102355876,117.35063592612012,100.0,0.0,4.517829201935784,-1.077531660699581,156.20674155277908,345756.19079589844
150,WMT,2026-02-02,2026-02-02 10:30:00,121.50499725341795,Market Open,17351543.35,0.1819786472133881,Sell,7719,large,0.04448595634577946,VWAP-Dark,9.918386544810442,2026-02-02 10:30:00,2026-02-02 13:41:00,191,19,122.68680133121103,122.71722100190807,74.54333462883793,25.456665371162075,-25.0,2.4788428591102143,9122.345676484743,937897.0737991332
151,WMT,2026-01-09,2026-01-09 13:40:00,114.4749984741211,Mid-Day,17351543.35,0.2171797012310806,Buy,5814,large,0.0335071058679054,VWAP-Dark,11.879246017610553,2026-01-09 13:40:00,2026-01-09 16:00:00,140,14,114.87891040995349,114.83178897220867,73.11661506707947,26.883384932920535,25.0,4.1035185610689044,2348.3439949295575,665557.64112854
152,WMT,2026-02-06,2026-02-06 12:05:00,130.42689514160156,Mid-Day,17351543.35,0.1978278467505802,Sell,402,small,0.002316796793756101,VWAP,16.514203883518643,2026-02-06 12:05:00,2026-02-06 13:41:00,96,9,130.12206631243575,130.09203012378586,100.0,0.0,23.371623531700884,-2.3088415655676577,122.54118932465718,52431.61184692383
153,SPY,2026-02-23,2026-02-23 12:55:00,682.0449829101562,Mid-Day,78590554.1,0.1114952298451836,Sell,6278,large,0.007988237354850257,VWAP-Dark,13.808192625950412,2026-02-23 12:55:00,2026-02-23 16:00:00,185,18,682.0550551495902,681.8456195836461,58.235106721885955,41.764893278114045,-0.1476770548326067,-3.0715980264268317,63.233519166355336,4281878.402709961
154,JNJ,2026-01-28,2026-01-28 14:40:00,226.7449951171875,Mid-Day,6264880.733333333,0.1623421883379099,Sell,1752,medium,0.02796541665475281,VWAP,12.064212717606033,2026-01-28 14:40:00,2026-01-28 16:00:00,80,8,227.2008307410804,227.304372780514,100.0,0.0,-20.103448089662223,4.5552154658094555,798.6240130603771,397257.2314453125
155,JNJ,2026-02-03,2026-02-03 10:00:00,233.52999877929688,Market Open,6264880.733333333,0.219025506125109,Sell,9996,large,0.1595561100918431,Careful,5.054979143292402,2026-02-03 10:00:00,2026-02-03 15:41:00,341,34,233.9832209826386,234.0260354455864,79.03161264505802,20.96838735494198,-19.407451107387143,1.82947435170003,4530.409144604017,2334365.8677978516
156,WMT,2026-03-27,2026-03-27 14:20:00,122.93000030517578,Mid-Day,17351543.35,0.2062772946289408,Sell,497,small,0.002864298523623836,Immediate,22.737712601376145,2026-03-27 14:20:00,2026-03-27 14:28:00,8,1,122.86310214391936,122.94809025746125,100.0,0.0,5.441971942596788,6.912520020759333,33.248386144439806,61096.21015167236
157,SPY,2026-03-11,2026-03-11 12:45:00,675.3300170898438,Mid-Day,78590554.1,0.1418304182261936,Buy,7673,large,0.009763259831756296,VWAP-Dark,14.300130492936736,2026-03-11 12:45:00,2026-03-11 16:00:00,195,19,675.3984580692597,675.3535632128829,46.604978496025026,53.395021503974974,1.0134449481589793,0.6647607834216502,525.1476350588293,5181807.221130371
158,XOM,2026-02-19,2026-02-19 13:10:00,151.3350067138672,Mid-Day,17762736.45,0.1855954513201579,Buy,174,small,0.000979578796824405,VWAP-Dark,14.117230542937607,2026-02-19 13:10:00,2026-02-19 15:35:00,145,14,151.56558503281818,151.58987834691263,66.66666666666666,33.33333333333334,15.236284317676057,-1.6025683481884592,40.120627497472185,26332.29116821289
159,WMT,2026-01-16,2026-01-16 13:10:00,118.55500030517578,Mid-Day,17351543.35,0.2879731706836298,Sell,202,small,0.0011641615729819214,VWAP,15.974131021703084,2026-01-16 13:10:00,2026-01-16 14:13:00,63,6,118.22262877544622,118.2726671229073,100.0,0.0,25.0,4.230761737119656,67.1390490053704,23948.110061645508
160,BAC,2026-03-02,2026-03-02 15:35:00,49.86000061035156,Market Close,32804662.816666663,0.2473076321588838,Sell,7859,large,0.023956960155088605,VWAP,16.005168604336532,2026-03-02 15:35:00,2026-03-02 16:00:00,25,2,49.82416836338795,49.82365150593106,100.0,0.0,7.186571705772453,-0.10373736995681311,281.6056288870501,391849.74479675293
161,JPM,2026-03-18,2026-03-18 12:00:00,287.2749938964844,Mid-Day,8000459.216666667,0.2039529847181787,Buy,325,small,0.004062266817421624,VWAP-Dark,12.655256721823788,2026-03-18 12:00:00,2026-03-18 15:31:00,211,21,288.0457948816693,288.05444019992063,47.07692307692308,52.92307692307692,25.0,-0.3001279287815717,250.51032018509432,93364.37301635742
162,XOM,2026-02-23,2026-02-23 14:00:00,150.17999267578125,Mid-Day,17762736.45,0.2031991055249264,Buy,393,small,0.0022124969376551215,VWAP,11.753712786234496,2026-02-23 14:00:00,2026-02-23 16:00:00,120,12,150.56796365199995,150.605340093928,100.0,0.0,25.0,-2.481747453625195,152.47259365394763,59020.73712158203
163,MSFT,2026-01-20,2026-01-20 10:35:00,454.0650939941406,Market Open,28455318.35,0.1898374339354183,Sell,19521,very_large,0.06860228994767159,VWAP-Dark,14.40088362147472,2026-01-20 10:35:00,2026-01-20 12:52:00,137,13,454.3657213325275,454.55248362741264,62.31750422621792,37.68249577378208,-6.6207982591760794,4.1087069505091245,5868.546272650732,8863804.69985962
164,JPM,2026-02-03,2026-02-03 12:00:00,312.9800109863281,Mid-Day,8000459.216666667,0.2688922612312454,Buy,18017,very_large,0.22519957307533972,VWAP-Dark,10.931393674244513,2026-02-03 12:00:00,2026-02-03 14:49:00,169,16,311.2166042097218,311.08221894875373,50.10268080146528,49.89731919853472,-25.0,4.319927426974733,31771.299894115753,5638960.857940674
165,BAC,2026-03-04,2026-03-04 14:25:00,50.060001373291016,Mid-Day,32804662.816666663,0.2027040344023591,Sell,1858,medium,0.005663828981823976,VWAP-Dark,10.681969697746482,2026-03-04 14:25:00,2026-03-04 16:00:00,95,9,50.182080756987304,50.242962232778495,57.7502691065662,42.2497308934338,-24.386612134897483,12.117413680571657,226.82349490770375,93011.4825515747
166,WMT,2026-02-11,2026-02-11 12:45:00,129.47999572753906,Mid-Day,17351543.35,0.1713966713043031,Buy,2982,medium,0.01718579114174302,VWAP-Dark,11.632423936979862,2026-02-11 12:45:00,2026-02-11 15:30:00,165,16,129.10375959954305,129.11072099146654,60.42924211938296,39.57075788061704,-25.0,-0.5391800053492583,1121.9361336840986,386109.3472595215
167,XOM,2026-01-08,2026-01-08 14:55:00,123.59500122070312,Mid-Day,17762736.45,0.1760159583830857,Sell,946,medium,0.005325755987332684,VWAP-Dark,8.328761767425386,2026-01-08 14:55:00,2026-01-08 16:00:00,65,6,123.22908630704762,123.07304532449942,39.4291754756871,60.5708245243129,25.0,-12.678729297449443,346.15550831810447,116920.87115478516
168,JNJ,2026-02-09,2026-02-09 13:45:00,237.4750061035156,Mid-Day,6264880.733333333,0.1357214579363645,Buy,407,small,0.006496532293655476,VWAP-Dark,9.163983581292555,2026-02-09 13:45:00,2026-02-09 16:00:00,135,13,238.33164004839003,238.6157895096095,62.65356265356266,37.34643734643734,25.0,-11.908242191492848,348.65001556389365,96652.32748413084
169,SPY,2026-01-27,2026-01-27 14:20:00,696.0800170898438,Mid-Day,78590554.1,0.0442676501689504,Sell,348,small,0.00044280130606688266,VWAP,17.380336164263703,2026-01-27 14:20:00,2026-01-27 15:47:00,87,8,696.0480489964017,696.1136165951091,100.0,0.0,0.4592588877312097,0.9419094404171986,11.124896517836987,242235.84594726562
170,AAPL,2026-02-10,2026-02-10 15:10:00,274.1400146484375,Market Close,33477742.733333334,0.1541463982306009,Buy,665,medium,0.001986394379385288,VWAP,10.827986679251264,2026-02-10 15:10:00,2026-02-10 16:00:00,50,5,274.0823329822156,273.7570589956241,100.0,0.0,-2.104095102493391,11.881848372599169,38.35830803757972,182303.10974121094
171,XOM,2026-03-16,2026-03-16 12:00:00,157.2899932861328,Mid-Day,17762736.45,0.1987959681904726,Buy,4358,large,0.024534508026211245,VWAP-Dark,12.222064766264717,2026-03-16 12:00:00,2026-03-16 14:47:00,167,16,157.13952492760765,157.14062193597073,68.7241854061496,31.2758145938504,-9.566302050216033,-0.06981061609405105,655.7411064526466,685469.7907409668
172,MSFT,2026-01-05,2026-01-05 12:30:00,475.3299865722656,Mid-Day,28455318.35,0.1511999496369512,Sell,8115,large,0.028518394699316375,VWAP-Dark,9.717443767769247,2026-01-05 12:30:00,2026-01-05 14:53:00,143,14,474.84821711885576,474.839162921849,30.412815773259393,69.5871842267406,10.135473608219815,-0.19067923865130515,3909.559114421077,3857302.8410339355
173,TSLA,2026-02-25,2026-02-25 13:30:00,414.94000244140625,Mid-Day,54574886.8,0.2226834313258809,Buy,7637,large,0.01399361583284127,Careful,6.946478070209883,2026-02-25 13:30:00,2026-02-25 16:00:00,150,15,415.9746177967529,415.62171892802655,45.331936624328925,54.668063375671075,24.93409527303306,8.490866878577826,7901.357468782437,3168896.7986450195
174,BAC,2026-03-04,2026-03-04 13:00:00,49.970001220703125,Mid-Day,32804662.816666663,0.2027040344023591,Sell,346,small,0.001054728109639987,Immediate,25.773874735413997,2026-03-04 13:00:00,2026-03-04 13:10:00,10,1,49.95738421093107,50.00594350856631,100.0,0.0,2.5249168428737434,9.710705213856247,4.36548538113189,17289.62042236328
175,AAPL,2026-01-16,2026-01-16 15:20:00,256.31988525390625,Market Close,33477742.733333334,0.1507881601153278,Buy,2628,medium,0.007849991622593288,VWAP-Dark,10.489709015254643,2026-01-16 15:20:00,2026-01-16 16:00:00,40,4,255.97025043301477,255.7370232128646,72.45053272450532,27.549467275494678,-13.640565598144619,9.119806636523913,918.8403093028121,673608.6584472656
176,JNJ,2026-01-26,2026-01-26 15:25:00,221.2400054931641,Market Close,6264880.733333333,0.1321256441092061,Sell,232,small,0.0037031830273416967,VWAP,17.190459051842456,2026-01-26 15:25:00,2026-01-26 16:00:00,35,3,221.38129543987188,221.41223474279283,100.0,0.0,-6.386274778507542,1.3973619369723211,32.77926763620644,51327.68127441407
177,SPY,2026-03-13,2026-03-13 09:50:00,671.6912841796875,Market Open,78590554.1,0.1514971300515303,Buy,1296,medium,0.0016490531398352872,Careful,6.485608578115875,2026-03-13 09:50:00,2026-03-13 15:02:00,312,31,665.07619995583,665.3978010997638,70.44753086419753,29.55246913580247,-25.0,-4.8332162114488,8573.149154119294,870511.904296875
178,JNJ,2026-03-16,2026-03-16 15:05:00,242.1199951171875,Market Close,6264880.733333333,0.1662321831641672,Sell,637,medium,0.010167791329382158,VWAP,15.664046402968971,2026-03-16 15:05:00,2026-03-16 16:00:00,55,5,242.3329882629418,242.55412313813557,100.0,0.0,-8.797007684194224,9.116929134526893,135.67663384548695,154230.43688964844
179,JNJ,2026-03-26,2026-03-26 12:35:00,240.4600067138672,Mid-Day,6264880.733333333,0.1599551740327032,Buy,9327,large,0.1488775348966207,Careful,7.380252010995498,2026-03-26 12:35:00,2026-03-26 16:00:00,205,20,240.6446765279965,240.40835819711293,65.6373968049748,34.3626031950252,7.679855650551211,9.829871667348751,1722.415356384051,2242770.4826202393
180,MSFT,2026-03-20,2026-03-20 13:50:00,383.2250061035156,Mid-Day,28455318.35,0.1906810098019314,Sell,429,small,0.0015076267807771688,Immediate,33.27342330725296,2026-03-20 13:50:00,2026-03-20 13:58:00,8,1,382.9960187012712,383.16779131471776,100.0,0.0,5.975272975337789,4.482960659536449,98.23559556284744,164403.5276184082
181,SPY,2026-01-14,2026-01-14 12:45:00,687.1799926757812,Mid-Day,78590554.1,0.1140100572788283,Buy,372,small,0.0004733393271749435,VWAP-Dark,14.557808175273307,2026-01-14 12:45:00,2026-01-14 15:00:00,135,13,687.6618272256442,687.6264603232174,53.494623655913976,46.505376344086024,7.0117662766450595,0.5143330640609806,179.2424525490078,255630.95727539062
182,GOOGL,2026-02-09,2026-02-09 14:20:00,324.96099853515625,Mid-Day,25643554.616666667,0.2521640585659346,Sell,439,small,0.001711931152144867,Immediate,34.651441944205004,2026-02-09 14:20:00,2026-02-09 14:31:00,11,1,324.82751006968414,325.06562059254134,100.0,0.0,4.107830357299651,7.324998639448915,58.60143634225727,142657.8783569336
183,AAPL,2026-03-05,2026-03-05 12:40:00,258.8299865722656,Mid-Day,33477742.733333334,0.2536196436280168,Sell,6031,large,0.018014954138455143,VWAP-Dark,9.504582650135298,2026-03-05 12:40:00,2026-03-05 15:35:00,175,17,258.5509795975764,258.52408731031863,59.376554468579016,40.623445531420984,10.779546001767214,-1.0402236610725428,1682.6910643508832,1561003.649017334
184,XOM,2026-03-30,2026-03-30 11:10:00,174.58999633789062,Mid-Day,17762736.45,0.3409106492172923,Sell,568,medium,0.0031977054976796665,VWAP-Dark,8.218281945428993,2026-03-30 11:10:00,2026-03-30 13:44:00,154,15,173.7051877663153,173.8610330496741,66.02112676056338,33.97887323943662,25.0,8.963784502204106,502.57126865478176,99167.11791992188
185,JNJ,2026-02-12,2026-02-12 12:50:00,244.53500366210935,Mid-Day,6264880.733333333,0.1818105212610544,Buy,133,small,0.0021229454423984727,Immediate,25.2452808859965,2026-02-12 12:50:00,2026-02-12 13:07:00,17,2,244.72036265095824,244.60943219046092,100.0,0.0,7.580059544563728,4.5350033931210225,24.652745516902343,32523.155487060543
186,SPY,2026-03-05,2026-03-05 11:50:00,680.9000244140625,Mid-Day,78590554.1,0.168260750377074,Sell,361,small,0.0004593427341670824,Immediate,31.901558614005097,2026-03-05 11:50:00,2026-03-05 11:57:00,7,1,680.6833057115728,680.9125114448766,100.0,0.0,3.1828270629926436,3.366155408386827,78.23545159879723,245804.90881347656
187,WMT,2026-03-26,2026-03-26 10:35:00,122.91000366210938,Market Open,17351543.35,0.1973675102219252,Buy,2600,medium,0.014984257870064336,VWAP-Dark,8.359980694389753,2026-03-26 10:35:00,2026-03-26 13:24:00,169,16,122.90136746665907,122.92763506634475,92.8076923076923,7.192307692307693,-0.7026438201116044,-2.136834379958957,22.454108170799714,319566.0095214844
188,TSLA,2026-02-06,2026-02-06 13:05:00,412.6300964355469,Mid-Day,54574886.8,0.3334590023277165,Sell,304,small,0.0005570327632818837,VWAP,14.963662472012363,2026-02-06 13:05:00,2026-02-06 14:59:00,114,11,412.9085126525928,412.8864534856386,100.0,0.0,-6.747356032702527,-0.534267151851725,84.63852998195398,125439.54931640625
189,JPM,2026-03-11,2026-03-11 13:30:00,287.1400146484375,Mid-Day,8000459.216666667,0.2666850750047455,Buy,9269,large,0.11585584963286472,VWAP-Dark,12.177899942418225,2026-03-11 13:30:00,2026-03-11 16:00:00,150,15,286.65458040764577,286.7270417240902,82.01531988348258,17.984680116517424,-16.905837432169765,-2.527188088320386,4499.489977898573,2661500.795776367
190,WMT,2026-02-13,2026-02-13 12:40:00,134.30999755859375,Mid-Day,17351543.35,0.2075739810247732,Sell,542,medium,0.003123641448298027,VWAP-Dark,10.339707235718725,2026-02-13 12:40:00,2026-02-13 16:00:00,200,20,134.23825055752863,134.1262708008624,70.66420664206642,29.335793357933582,5.341895791027738,-8.348830993184086,38.88687457729492,72796.01867675781
191,XOM,2026-01-12,2026-01-12 15:25:00,123.41999816894533,Market Close,17762736.45,0.1601087557417951,Buy,339,small,0.0019084897248475474,VWAP,17.70912203745822,2026-01-12 15:25:00,2026-01-12 16:00:00,35,3,123.6997928816265,123.891412169511,100.0,0.0,22.67012776148037,-15.46671270663449,94.85040759891541,41839.37937927247
192,XOM,2026-01-07,2026-01-07 12:05:00,119.36730194091795,Mid-Day,17762736.45,0.2041866219470856,Buy,470,small,0.002645988704065921,Immediate,22.131965062675437,2026-01-07 12:05:00,2026-01-07 12:10:00,5,2,119.39099258264812,119.35952850349561,100.0,0.0,1.984684360369943,2.636076025685048,11.13460161317974,56102.63191223144
193,SPY,2026-02-02,2026-02-02 15:50:00,695.3800048828125,Market Close,78590554.1,0.0809027667459299,Sell,16254,very_large,0.02068187479543423,VWAP-Dark,8.525964472150662,2026-02-02 15:50:00,2026-02-02 16:00:00,10,2,695.3257809055689,695.4585741689481,0.0,100.0,0.7797747542764226,1.9094345560105108,881.3565261178526,11302706.599365234
194,BAC,2026-01-28,2026-01-28 12:25:00,51.654998779296875,Mid-Day,32804662.816666663,0.1778850973007222,Buy,348,small,0.0010608248039153626,Immediate,34.563775124072066,2026-01-28 12:25:00,2026-01-28 12:41:00,16,2,51.612560258464306,51.584307173476084,100.0,0.0,-8.215762624231834,5.477069778839529,14.768605249733952,17975.939575195312
195,XOM,2026-03-24,2026-03-24 12:45:00,165.75,Mid-Day,17762736.45,0.2536237475135465,Buy,250,small,0.0014074408000350645,VWAP-Dark,11.46843921344339,2026-03-24 12:45:00,2026-03-24 15:08:00,143,14,165.4907299671905,165.49150669700407,62.8,37.2,-15.642234256983189,-0.04693472366459494,64.81750820237409,41437.5
196,XOM,2026-03-05,2026-03-05 14:35:00,150.2550048828125,Mid-Day,17762736.45,0.2753911093799921,Sell,9991,large,0.056246964132601315,VWAP-Dark,12.818816774994152,2026-03-05 14:35:00,2026-03-05 16:00:00,85,8,150.16708441028493,150.3144646480299,41.74757281553398,58.25242718446602,5.8514172353954255,9.80479410880931,878.4134410229648,1501197.7537841797
197,JNJ,2026-01-13,2026-01-13 13:30:00,213.2400054931641,Mid-Day,6264880.733333333,0.1748132925876857,Buy,9238,large,0.14745691726975255,VWAP-Dark,11.043791370226224,2026-01-13 13:30:00,2026-01-13 16:00:00,150,15,213.82631093133696,213.8076712681313,58.83308075340983,41.16691924659017,25.0,0.8717958104646295,5416.289637840988,1969911.1707458498
198,TSLA,2026-01-02,2026-01-02 15:05:00,440.8399963378906,Market Close,54574886.8,0.3358836793550366,Buy,16090,very_large,0.029482424872386545,VWAP-Dark,9.724814232673747,2026-01-02 15:05:00,2026-01-02 16:00:00,55,5,439.64878255058034,439.42043921566494,53.54257302672467,46.45742697327533,-25.0,5.196465947805497,19166.629837822555,7093115.54107666
199,WMT,2026-03-27,2026-03-27 09:50:00,123.69000244140624,Market Open,17351543.35,0.2062772946289408,Buy,6445,large,0.03714366998944794,Careful,9.095511588370998,2026-03-27 09:50:00,2026-03-27 14:27:00,277,27,123.41359462692502,123.49665922462557,74.3366951124903,25.663304887509696,-22.346819389235268,-6.726060301718078,1781.4483643314463,797182.0657348632
200,SPY,2026-01-16,2026-01-16 15:40:00,692.0150146484375,Market Close,78590554.1,0.0731593113221003,Sell,499,small,0.0006349363555384324,Immediate,35.98831757937958,2026-01-16 15:40:00,2026-01-16 15:57:00,17,2,691.6438032177059,691.9357253767777,100.0,0.0,5.364210643900219,4.218920173731459,185.23450393506414,345315.4923095703
